Company,Profit,Trades,Net_Profit
ZEEL,-325.9,0,-423669.99999999994
LT,-1404.5,0,-526687.5
YESBANK,0.5000000000000142,2,700.0000000000314
Total,,2,-949657.5
