Company,Profit,Trades,Net_Profit
ADANIPORTS,2.0784333333333507,1,4996.083333333377
BPCL,-344.55,0,-620190.0
GRASIM,-737.65,0,-553237.5
Total,,1,-1168431.4166666665
