Company,Profit,Trades,Net_Profit
YESBANK,0.8999999999999915,2,1579.9999999999814
ADANIPORTS,-0.19999999999998863,3,-1099.9999999999716
ICICIBANK,7.499999999999943,7,8912.499999999922
TATAMOTORS,2.0999999999999943,2,5899.999999999983
Total,,14,15292.499999999913
