Company,Profit,Trades,Net_Profit
BRITANNIA,47.0,2,9000.0
COALINDIA,1.0999999999999943,1,2219.9999999999873
YESBANK,-1.0,4,-3000.0
Total,,7,8219.999999999987
