Company,Profit,Trades,Net_Profit
BPCL,18458.3,2,33224540.0
TATAMOTORS,-173.49999999999997,1,-520699.99999999994
ZEEL,-303.1,1,-394230.00000000006
Total,,4,32309610.0
